Protein.IDs	experiment	percentage.significant
O14975-2;O14975	Columbia_NCBP3_10	67
O43390;O43390-2;O43390-3;O43390-4	Columbia_NCBP3_10	62
O43395;O43395-3	Columbia_NCBP3_10	67
O75152	Columbia_NCBP3_10	67
P0DN76;Q01081;Q01081-2;Q8WU68-3;Q8WU68;Q01081-3;Q01081-4;Q8WU68-2	Columbia_NCBP3_10	70
P55081;Q00653-3;Q00653-4;Q00653	Columbia_NCBP3_10	73
P61326;P61326-2	Columbia_NCBP3_10	90
P84090	Columbia_NCBP3_10	82
Q02878	Columbia_NCBP3_10	72
Q06323-3;Q06323;Q06323-2	Columbia_NCBP3_10	65
Q06787-8;Q06787-5;Q06787-9;Q06787-3;Q06787;Q06787-6;Q06787-2;Q06787-4;Q06787-7;Q06787-11;Q06787-10	Columbia_NCBP3_10	67
Q07020;Q07020-2	Columbia_NCBP3_10	67
Q12874	Columbia_NCBP3_10	67
Q16629-3;Q16629-2;Q16629-4;Q16629	Columbia_NCBP3_10	76
Q1KMD3	Columbia_NCBP3_10	76
Q53F19;Q53F19-2	Columbia_NCBP3_10	100
Q5JVF3-3;Q5JVF3-2;Q5JVF3;Q5JVF3-4	Columbia_NCBP3_10	72
Q6PJT7-5;Q6PJT7;Q6PJT7-10;Q6PJT7-4;Q6PJT7-8	Columbia_NCBP3_10	83
Q6PKG0;Q6PKG0-3;Q659C4-7;Q659C4-6;Q659C4-5;Q659C4-2;Q659C4;Q659C4-9	Columbia_NCBP3_10	74
Q86U42-2;Q86U42;Q92843-2;A6NDY0-2;A6NDY0;A6NDY0-4	Columbia_NCBP3_10	78
Q86UY5;Q86UY5-2;Q86UY5-3	Columbia_NCBP3_10	72
Q92540-2;Q92540;Q92540-5;Q92540-4	Columbia_NCBP3_10	71
Q92567;Q92567-2;Q92567-3	Columbia_NCBP3_10	69
Q92615	Columbia_NCBP3_10	65
Q9BVJ6-3;Q9BVJ6;Q9BVJ6-2;Q5TAP6	Columbia_NCBP3_10	65
Q9BZJ0-2;Q9BZJ0-3;Q9BZJ0	Columbia_NCBP3_10	70
Q9H0A0;Q9H0A0-2	Columbia_NCBP3_10	63
Q9UKM9-2;Q9UKM9	Columbia_NCBP3_10	65
Q9UKV3-5;Q9UKV3;Q9UKV3-3;Q9UKV3-2	Columbia_NCBP3_10	77
Q9Y2W1	Columbia_NCBP3_10	98
Q9Y520-3;Q9Y520-6;Q9Y520-4;Q9Y520-5;Q9Y520;Q9Y520-7;Q9Y520-2	Columbia_NCBP3_10	62
Q9Y5S9;Q9Y5S9-2	Columbia_NCBP3_10	87
O00425;O00425-2;Q9Y6M1-5;Q9Y6M1-6;Q9Y6M1-3;Q9Y6M1-4;Q9Y6M1-1;Q9Y6M1	Columbia_NCBP3_12	72
O43290	Columbia_NCBP3_12	90
O43390;O43390-2;O43390-3;O43390-4	Columbia_NCBP3_12	100
O43395;O43395-3	Columbia_NCBP3_12	86
O60306	Columbia_NCBP3_12	92
O75152	Columbia_NCBP3_12	97
O75643;O75643-2	Columbia_NCBP3_12	100
O94906;O94906-2	Columbia_NCBP3_12	88
P07910-2;P07910;P07910-4;P07910-3;P0DMR1;O60812;B7ZW38;B2RXH8;Q86SE5;Q86SE5-3	Columbia_NCBP3_12	100
P08579	Columbia_NCBP3_12	90
P09661	Columbia_NCBP3_12	82
P11940;P11940-2;Q9H361;Q4VXU2;Q4VXU2-2;Q96DU9-2;Q96DU9	Columbia_NCBP3_12	100
P18583-7;P18583;P18583-5;P18583-9;P18583-2;P18583-10;P18583-3;P18583-4;P18583-6;P18583-8	Columbia_NCBP3_12	88
P21127;Q9UQ88-4;Q9UQ88;P21127-2;P21127-3;Q9UQ88-2;Q9UQ88-3;P21127-8;P21127-9;P21127-6;Q9UQ88-5;P21127-10;P21127-5;P21127-4;Q9UQ88-10;P21127-12;Q9UQ88-9;Q9UQ88-8	Columbia_NCBP3_12	87
P31943	Columbia_NCBP3_12	65
P38159;P38159-2;Q96E39;P38159-3;O75526;Q8N7X1	Columbia_NCBP3_12	100
P38919	Columbia_NCBP3_12	100
P43243;P43243-2	Columbia_NCBP3_12	100
P50991;P50991-2	Columbia_NCBP3_12	83
P52298;P52298-3	Columbia_NCBP3_12	88
P52597	Columbia_NCBP3_12	100
P61326;P61326-2	Columbia_NCBP3_12	96
P62995;P62995-3;P62995-2	Columbia_NCBP3_12	85
P67809;Q9Y2T7	Columbia_NCBP3_12	97
P82979	Columbia_NCBP3_12	85
P84090	Columbia_NCBP3_12	94
P98175-2;P98175;P98175-5;P98175-4;P98175-3	Columbia_NCBP3_12	83
Q00839;Q00839-2	Columbia_NCBP3_12	100
Q07955;Q07955-3;Q07955-2	Columbia_NCBP3_12	100
Q09161	Columbia_NCBP3_12	96
Q10570	Columbia_NCBP3_12	84
Q12905	Columbia_NCBP3_12	93
Q12906-7;Q12906;Q12906-4;Q12906-6;Q12906-5;Q12906-2;Q12906-3	Columbia_NCBP3_12	100
Q13242	Columbia_NCBP3_12	82
Q13247;Q13247-3;Q13247-2	Columbia_NCBP3_12	95
Q13310-3;Q13310-2;Q13310;P0CB38	Columbia_NCBP3_12	100
Q13427-2;Q13427	Columbia_NCBP3_12	85
Q13573	Columbia_NCBP3_12	92
Q13595;Q13595-4;Q13595-3;Q13595-2	Columbia_NCBP3_12	76
Q13769	Columbia_NCBP3_12	97
Q13838;Q13838-2	Columbia_NCBP3_12	98
Q14684;Q14684-2	Columbia_NCBP3_12	86
Q15029-2;Q15029;Q15029-3	Columbia_NCBP3_12	100
Q1KMD3	Columbia_NCBP3_12	87
Q2TAY7;Q2TAY7-2	Columbia_NCBP3_12	94
Q53F19;Q53F19-2	Columbia_NCBP3_12	100
Q5BKZ1;Q5BKZ1-2;Q5BKZ1-3	Columbia_NCBP3_12	81
Q5JVF3-3;Q5JVF3-2;Q5JVF3;Q5JVF3-4	Columbia_NCBP3_12	91
Q6I9Y2	Columbia_NCBP3_12	92
Q6P2Q9	Columbia_NCBP3_12	100
Q6PJT7-5;Q6PJT7;Q6PJT7-10;Q6PJT7-4;Q6PJT7-8	Columbia_NCBP3_12	96
Q71RC2-3;Q71RC2;Q71RC2-4;Q71RC2-5;Q71RC2-2;Q71RC2-6;Q71RC2-7	Columbia_NCBP3_12	86
Q86U42-2;Q86U42;Q92843-2;A6NDY0-2;A6NDY0;A6NDY0-4	Columbia_NCBP3_12	95
Q86V81	Columbia_NCBP3_12	100
Q86W42;Q86W42-2;Q86W42-3	Columbia_NCBP3_12	96
Q8IX01-4;Q8IX01-3;Q8IX01	Columbia_NCBP3_12	88
Q8NAV1	Columbia_NCBP3_12	84
Q8NI27;Q8NI27-2	Columbia_NCBP3_12	100
Q8WWM7;Q8WWM7-6;Q8WWM7-8;Q8WWM7-5;Q8WWM7-4;Q8WWM7-9;Q8WWM7-2;Q8WWM7-3;Q8WWM7-7	Columbia_NCBP3_12	93
Q92900-2;Q92900	Columbia_NCBP3_12	100
Q96DI7;Q96DI7-2	Columbia_NCBP3_12	87
Q96FV9;Q96FV9-2	Columbia_NCBP3_12	97
Q96HS1;Q96HS1-2	Columbia_NCBP3_12	77
Q96J01-2;Q96J01	Columbia_NCBP3_12	90
Q96KR1	Columbia_NCBP3_12	92
Q96PV6;Q96PV6-1;Q96PV6-3	Columbia_NCBP3_12	85
Q96T37-4;Q96T37-2;Q96T37-3;Q96T37	Columbia_NCBP3_12	86
Q99459	Columbia_NCBP3_12	87
Q9BUQ8	Columbia_NCBP3_12	88
Q9BXP5-4;Q9BXP5-2;Q9BXP5-3;Q9BXP5;Q9BXP5-5	Columbia_NCBP3_12	96
Q9BY77;Q9BY77-2	Columbia_NCBP3_12	95
Q9BZJ0-2;Q9BZJ0-3;Q9BZJ0	Columbia_NCBP3_12	84
Q9BZZ5-2;Q9BZZ5-5	Columbia_NCBP3_12	76
Q9H307	Columbia_NCBP3_12	97
Q9H6R4-4;Q9H6R4;Q9H6R4-2;Q9H6R4-3	Columbia_NCBP3_12	78
Q9HCS7	Columbia_NCBP3_12	95
Q9NW64-2;Q9NW64	Columbia_NCBP3_12	79
Q9NYF8-2;Q9NYF8;Q9NYF8-3;Q9NYF8-4	Columbia_NCBP3_12	96
Q9NZB2;Q9NZB2-6;Q9NZB2-4;Q9NZB2-5;Q9NZB2-2;Q5T035	Columbia_NCBP3_12	99
Q9UKM9-2;Q9UKM9	Columbia_NCBP3_12	83
Q9UMS4	Columbia_NCBP3_12	92
Q9UQ35;Q9UQ35-2;Q9UQ35-3	Columbia_NCBP3_12	96
Q9Y2W1	Columbia_NCBP3_12	100
Q9Y3Y2-4;Q9Y3Y2;Q9Y3Y2-3	Columbia_NCBP3_12	90
Q9Y5S9;Q9Y5S9-2	Columbia_NCBP3_12	97
O00422	Columbia_NCBP3_18	78
O00505	Columbia_NCBP3_18	74
O00629	Columbia_NCBP3_18	73
O15042;O15042-2;O15042-3	Columbia_NCBP3_18	87
O43172-2;O43172	Columbia_NCBP3_18	63
O43390;O43390-2;O43390-3;O43390-4	Columbia_NCBP3_18	72
O43395;O43395-3	Columbia_NCBP3_18	70
O43684-2;O43684	Columbia_NCBP3_18	68
O43896	Columbia_NCBP3_18	71
O60231	Columbia_NCBP3_18	70
O60306	Columbia_NCBP3_18	74
O75152	Columbia_NCBP3_18	80
O75494-5;O75494-4;O75494-6;O75494-3;O75494-2;O75494;Q8WXF0	Columbia_NCBP3_18	67
O95391	Columbia_NCBP3_18	61
P08621-2;P08621;P08621-3;P08621-4	Columbia_NCBP3_18	84
P11940;P11940-2;Q9H361;Q4VXU2;Q4VXU2-2;Q96DU9-2;Q96DU9	Columbia_NCBP3_18	62
P16989;P16989-2;P16989-3	Columbia_NCBP3_18	75
P18583-7;P18583;P18583-5;P18583-9;P18583-2;P18583-10;P18583-3;P18583-4;P18583-6;P18583-8	Columbia_NCBP3_18	78
P21127;Q9UQ88-4;Q9UQ88;P21127-2;P21127-3;Q9UQ88-2;Q9UQ88-3;P21127-8;P21127-9;P21127-6;Q9UQ88-5;P21127-10;P21127-5;P21127-4;Q9UQ88-10;P21127-12;Q9UQ88-9;Q9UQ88-8	Columbia_NCBP3_18	73
P39019	Columbia_NCBP3_18	77
P46783;Q9NQ39	Columbia_NCBP3_18	75
P55884;P55884-2	Columbia_NCBP3_18	72
P57678	Columbia_NCBP3_18	65
P60866;P60866-2	Columbia_NCBP3_18	75
P61326;P61326-2	Columbia_NCBP3_18	86
P62263	Columbia_NCBP3_18	80
P84090	Columbia_NCBP3_18	79
P84103-2;P84103	Columbia_NCBP3_18	79
Q09161	Columbia_NCBP3_18	88
Q10570	Columbia_NCBP3_18	67
Q12905	Columbia_NCBP3_18	77
Q13123	Columbia_NCBP3_18	77
Q13243;Q13243-3;Q13243-2	Columbia_NCBP3_18	75
Q13573	Columbia_NCBP3_18	76
Q13769	Columbia_NCBP3_18	95
Q13838;Q13838-2	Columbia_NCBP3_18	88
Q14151;Q14151-2	Columbia_NCBP3_18	73
Q14562	Columbia_NCBP3_18	70
Q15007;Q15007-2	Columbia_NCBP3_18	63
Q15287-3;Q15287-2;Q15287	Columbia_NCBP3_18	74
Q15365;P57723-2;P57723	Columbia_NCBP3_18	75
Q15424;Q15424-4;Q15424-3;Q15424-2	Columbia_NCBP3_18	78
Q16629-3;Q16629-2;Q16629-4;Q16629	Columbia_NCBP3_18	60
Q1KMD3	Columbia_NCBP3_18	81
Q2TAY7;Q2TAY7-2	Columbia_NCBP3_18	78
Q53F19;Q53F19-2	Columbia_NCBP3_18	69
Q5BKZ1;Q5BKZ1-2;Q5BKZ1-3	Columbia_NCBP3_18	68
Q5JVF3-3;Q5JVF3-2;Q5JVF3;Q5JVF3-4	Columbia_NCBP3_18	69
Q5T8P6-3;Q5T8P6-2;Q5T8P6;Q5T8P6-5;Q5T8P6-4;Q5T8P6-6	Columbia_NCBP3_18	70
Q6I9Y2	Columbia_NCBP3_18	83
Q6PJT7-5;Q6PJT7;Q6PJT7-10;Q6PJT7-4;Q6PJT7-8	Columbia_NCBP3_18	89
Q7Z478	Columbia_NCBP3_18	75
Q86U42-2;Q86U42;Q92843-2;A6NDY0-2;A6NDY0;A6NDY0-4	Columbia_NCBP3_18	91
Q86V81	Columbia_NCBP3_18	81
Q86W42;Q86W42-2;Q86W42-3	Columbia_NCBP3_18	84
Q8IX12-2;Q8IX12	Columbia_NCBP3_18	84
Q8NI27;Q8NI27-2	Columbia_NCBP3_18	94
Q8WUA2	Columbia_NCBP3_18	70
Q92499;Q92499-3;Q92499-2	Columbia_NCBP3_18	69
Q92900-2;Q92900	Columbia_NCBP3_18	89
Q96BP3;Q96BP3-2	Columbia_NCBP3_18	65
Q96DI7;Q96DI7-2	Columbia_NCBP3_18	70
Q96FV9;Q96FV9-2	Columbia_NCBP3_18	91
Q96J01-2;Q96J01	Columbia_NCBP3_18	82
Q96PV6;Q96PV6-1;Q96PV6-3	Columbia_NCBP3_18	62
Q96T37-4;Q96T37-2;Q96T37-3;Q96T37	Columbia_NCBP3_18	76
Q99459	Columbia_NCBP3_18	80
Q9BY77;Q9BY77-2	Columbia_NCBP3_18	74
Q9BZJ0-2;Q9BZJ0-3;Q9BZJ0	Columbia_NCBP3_18	77
Q9H307	Columbia_NCBP3_18	95
Q9HCS7	Columbia_NCBP3_18	77
Q9NYF8-2;Q9NYF8;Q9NYF8-3;Q9NYF8-4	Columbia_NCBP3_18	83
Q9NZI8;Q9NZI8-2	Columbia_NCBP3_18	70
Q9P2N5	Columbia_NCBP3_18	73
Q9UKF6	Columbia_NCBP3_18	66
Q9UKM9-2;Q9UKM9	Columbia_NCBP3_18	68
Q9UKV3-5;Q9UKV3;Q9UKV3-3;Q9UKV3-2	Columbia_NCBP3_18	78
Q9UQ35;Q9UQ35-2;Q9UQ35-3	Columbia_NCBP3_18	77
Q9Y2W1	Columbia_NCBP3_18	79
Q9Y3X0	Columbia_NCBP3_18	75
Q9Y3Y2-4;Q9Y3Y2;Q9Y3Y2-3	Columbia_NCBP3_18	83
Q9Y5S9;Q9Y5S9-2	Columbia_NCBP3_18	89
O00425;O00425-2;Q9Y6M1-5;Q9Y6M1-6;Q9Y6M1-3;Q9Y6M1-4;Q9Y6M1-1;Q9Y6M1	Columbia_NCBP3_7	98
O00571-2;O00571;O15523-2;O15523;O15523-3;Q9NQI0-3;Q9NQI0-2;Q9NQI0-4;Q9NQI0	Columbia_NCBP3_7	99
O15042;O15042-2;O15042-3	Columbia_NCBP3_7	97
O43290	Columbia_NCBP3_7	99
O43390;O43390-2;O43390-3;O43390-4	Columbia_NCBP3_7	100
O43395;O43395-3	Columbia_NCBP3_7	98
O43896	Columbia_NCBP3_7	98
O60306	Columbia_NCBP3_7	99
O60506-2;O60506	Columbia_NCBP3_7	99
O75152	Columbia_NCBP3_7	100
O75400;O75400-2;O75400-3	Columbia_NCBP3_7	98
O75494-5;O75494-4;O75494-6;O75494-3;O75494-2;O75494;Q8WXF0	Columbia_NCBP3_7	96
O75643;O75643-2	Columbia_NCBP3_7	100
O94906;O94906-2	Columbia_NCBP3_7	100
P04259	Columbia_NCBP3_7	99
P05141;Q9H0C2	Columbia_NCBP3_7	95
P05783;CON__H-INV:HIT000015463	Columbia_NCBP3_7	100
P07355;P07355-2;A6NMY6	Columbia_NCBP3_7	100
P07910-2;P07910;P07910-4;P07910-3;P0DMR1;O60812;B7ZW38;B2RXH8;Q86SE5;Q86SE5-3	Columbia_NCBP3_7	100
P08238;Q58FF7	Columbia_NCBP3_7	99
P08670;P17661;P41219;P41219-2	Columbia_NCBP3_7	100
P08865	Columbia_NCBP3_7	99
P09661	Columbia_NCBP3_7	99
P0DMV8;P0DMV9;P0DMV8-2	Columbia_NCBP3_7	100
P11142;P11142-2	Columbia_NCBP3_7	100
P11940;P11940-2;Q9H361;Q4VXU2;Q4VXU2-2;Q96DU9-2;Q96DU9	Columbia_NCBP3_7	100
P14866;P14866-2	Columbia_NCBP3_7	100
P16989;P16989-2;P16989-3	Columbia_NCBP3_7	100
P18124	Columbia_NCBP3_7	100
P18583-7;P18583;P18583-5;P18583-9;P18583-2;P18583-10;P18583-3;P18583-4;P18583-6;P18583-8	Columbia_NCBP3_7	99
P19338	Columbia_NCBP3_7	100
P22626;P22626-2	Columbia_NCBP3_7	100
P23396;P23396-2	Columbia_NCBP3_7	100
P26368-2;P26368	Columbia_NCBP3_7	100
P31943	Columbia_NCBP3_7	100
P36578	Columbia_NCBP3_7	99
P38159;P38159-2;Q96E39;P38159-3;O75526;Q8N7X1	Columbia_NCBP3_7	100
P38919	Columbia_NCBP3_7	60
P39019	Columbia_NCBP3_7	99
P40939;P40939-2	Columbia_NCBP3_7	100
P42704;Q9NP80-3;Q9NP80-2;Q9NP80	Columbia_NCBP3_7	98
P43243;P43243-2	Columbia_NCBP3_7	100
P45880;P45880-2;P45880-1	Columbia_NCBP3_7	100
P49411	Columbia_NCBP3_7	100
P49756;P49756-2;P49756-3;P49756-4	Columbia_NCBP3_7	100
P51991;P51991-2	Columbia_NCBP3_7	99
P52272-2;P52272	Columbia_NCBP3_7	100
P52597	Columbia_NCBP3_7	99
P55084;P55084-2	Columbia_NCBP3_7	98
P55265;P55265-4;P55265-5;P55265-3;P55265-2	Columbia_NCBP3_7	100
P61247	Columbia_NCBP3_7	100
P61326;P61326-2	Columbia_NCBP3_7	100
P61978-3;P61978;P61978-2	Columbia_NCBP3_7	100
P62249	Columbia_NCBP3_7	100
P62269	Columbia_NCBP3_7	100
P62316;P62316-2	Columbia_NCBP3_7	99
P62701;Q8TD47;P22090	Columbia_NCBP3_7	99
P62805	Columbia_NCBP3_7	100
P62913;P62913-2	Columbia_NCBP3_7	100
P62995;P62995-3;P62995-2	Columbia_NCBP3_7	97
P63261	Columbia_NCBP3_7	100
P67809;Q9Y2T7	Columbia_NCBP3_7	100
P68371;P04350	Columbia_NCBP3_7	100
P78527;P78527-2	Columbia_NCBP3_7	98
P82979	Columbia_NCBP3_7	100
P84090	Columbia_NCBP3_7	100
Q01082;Q01082-2;P11277-3;P11277;P11277-2	Columbia_NCBP3_7	100
Q07065;Q96K21-4;Q96K21-3;Q96K21-2;Q96K21	Columbia_NCBP3_7	99
Q07955;Q07955-3;Q07955-2	Columbia_NCBP3_7	100
Q09161	Columbia_NCBP3_7	100
Q10570	Columbia_NCBP3_7	96
Q12874	Columbia_NCBP3_7	100
Q12905	Columbia_NCBP3_7	99
Q12906-7;Q12906;Q12906-4;Q12906-6;Q12906-5;Q12906-2;Q12906-3	Columbia_NCBP3_7	100
Q13242	Columbia_NCBP3_7	97
Q13247;Q13247-3;Q13247-2	Columbia_NCBP3_7	99
Q13310-3;Q13310-2;Q13310;P0CB38	Columbia_NCBP3_7	100
Q13435	Columbia_NCBP3_7	100
Q13573	Columbia_NCBP3_7	100
Q13769	Columbia_NCBP3_7	100
Q13838;Q13838-2	Columbia_NCBP3_7	100
Q14103-4;Q14103-3;Q14103-2;Q14103	Columbia_NCBP3_7	99
Q14444-2;Q14444	Columbia_NCBP3_7	99
Q14498-3;Q14498-2;Q14498;Q86U06-4;Q86U06-5;Q86U06-2;Q86U06;Q86U06-3	Columbia_NCBP3_7	100
Q14974;Q14974-2	Columbia_NCBP3_7	100
Q15029-2;Q15029;Q15029-3	Columbia_NCBP3_7	100
Q15149;Q15149-7;Q15149-9;Q15149-5;Q15149-6	Columbia_NCBP3_7	100
Q15233;Q15233-2	Columbia_NCBP3_7	98
Q15366-6;Q15366-3;Q15366;Q15366-2;Q15366-4;Q15366-5;Q15366-7;Q15366-8;P57721-2;P57721-3;P57721-5;P57721-4;P57721	Columbia_NCBP3_7	99
Q15393;Q15393-3;Q15393-2	Columbia_NCBP3_7	100
Q15717;Q15717-2;P26378-4;P26378-2;P26378-5;P26378;P26378-3	Columbia_NCBP3_7	100
Q16629-3;Q16629-2;Q16629-4;Q16629	Columbia_NCBP3_7	100
Q16630-3;Q16630;Q16630-2	Columbia_NCBP3_7	100
Q1KMD3	Columbia_NCBP3_7	97
Q2TAY7;Q2TAY7-2	Columbia_NCBP3_7	98
Q53F19;Q53F19-2	Columbia_NCBP3_7	98
Q5JVF3-3;Q5JVF3-2;Q5JVF3;Q5JVF3-4	Columbia_NCBP3_7	98
Q6I9Y2	Columbia_NCBP3_7	100
Q6P2Q9	Columbia_NCBP3_7	100
Q6PJT7-5;Q6PJT7;Q6PJT7-10;Q6PJT7-4;Q6PJT7-8	Columbia_NCBP3_7	100
Q6PKG0;Q6PKG0-3;Q659C4-7;Q659C4-6;Q659C4-5;Q659C4-2;Q659C4;Q659C4-9	Columbia_NCBP3_7	100
Q7L2E3-3;Q7L2E3;Q7L2E3-2	Columbia_NCBP3_7	100
Q7Z478	Columbia_NCBP3_7	98
Q86U42-2;Q86U42;Q92843-2;A6NDY0-2;A6NDY0;A6NDY0-4	Columbia_NCBP3_7	100
Q86UP2;Q86UP2-2;Q86UP2-4;Q86UP2-3	Columbia_NCBP3_7	98
Q86V81	Columbia_NCBP3_7	100
Q86W42;Q86W42-2;Q86W42-3	Columbia_NCBP3_7	100
Q8IWX8	Columbia_NCBP3_7	99
Q8NI27;Q8NI27-2	Columbia_NCBP3_7	100
Q92841;Q92841-1;Q92841-3;Q92841-2	Columbia_NCBP3_7	99
Q92900-2;Q92900	Columbia_NCBP3_7	100
Q92945	Columbia_NCBP3_7	99
Q96AG4	Columbia_NCBP3_7	89
Q96DI7;Q96DI7-2	Columbia_NCBP3_7	97
Q96FV9;Q96FV9-2	Columbia_NCBP3_7	100
Q96HS1;Q96HS1-2	Columbia_NCBP3_7	99
Q96J01-2;Q96J01	Columbia_NCBP3_7	99
Q96KK5;Q99878;Q9BTM1;P0C0S8;Q93077;P20671;Q9BTM1-2;Q7L7L0;Q6FI13;P04908;Q16777;Q8IUE6;Q96QV6;P16104;REV__Q8NB25-3;REV__Q8NB25-4;REV__Q8NB25-2;REV__Q8NB25	Columbia_NCBP3_7	100
Q96KR1	Columbia_NCBP3_7	98
Q96PV6;Q96PV6-1;Q96PV6-3	Columbia_NCBP3_7	100
Q96T37-4;Q96T37-2;Q96T37-3;Q96T37	Columbia_NCBP3_7	99
Q99459	Columbia_NCBP3_7	99
Q99729-3;Q99729-2;Q99729-4;Q99729	Columbia_NCBP3_7	99
Q9BUQ8	Columbia_NCBP3_7	100
Q9BXP5-4;Q9BXP5-2;Q9BXP5-3;Q9BXP5;Q9BXP5-5	Columbia_NCBP3_7	100
Q9BY77;Q9BY77-2	Columbia_NCBP3_7	99
Q9BZJ0-2;Q9BZJ0-3;Q9BZJ0	Columbia_NCBP3_7	99
Q9H307	Columbia_NCBP3_7	99
Q9HCE1;Q9HCE1-2	Columbia_NCBP3_7	100
Q9HCS7	Columbia_NCBP3_7	99
Q9NR30;Q9NR30-2	Columbia_NCBP3_7	100
Q9NWB6;Q9NWB6-2;Q9NWB6-3	Columbia_NCBP3_7	100
Q9NYF8-2;Q9NYF8;Q9NYF8-3;Q9NYF8-4	Columbia_NCBP3_7	100
Q9NZB2;Q9NZB2-6;Q9NZB2-4;Q9NZB2-5;Q9NZB2-2;Q5T035	Columbia_NCBP3_7	98
Q9NZI8;Q9NZI8-2	Columbia_NCBP3_7	98
Q9P2N5	Columbia_NCBP3_7	100
Q9UHX1-6;Q9UHX1-5	Columbia_NCBP3_7	90
Q9UJV9	Columbia_NCBP3_7	100
Q9UKM9-2;Q9UKM9	Columbia_NCBP3_7	98
Q9UKV3-5;Q9UKV3;Q9UKV3-3;Q9UKV3-2	Columbia_NCBP3_7	100
Q9UMS4	Columbia_NCBP3_7	99
Q9UQ35;Q9UQ35-2;Q9UQ35-3	Columbia_NCBP3_7	100
Q9Y2W1	Columbia_NCBP3_7	100
Q9Y383;Q96HJ9-2;Q9Y383-3;Q9Y383-2	Columbia_NCBP3_7	100
Q9Y3I0	Columbia_NCBP3_7	100
Q9Y3X0	Columbia_NCBP3_7	100
Q9Y3Y2-4;Q9Y3Y2;Q9Y3Y2-3	Columbia_NCBP3_7	99
Q9Y5S9;Q9Y5S9-2	Columbia_NCBP3_7	100
O00505	Rockefeller_NCBP1_10	100
O00629	Rockefeller_NCBP1_10	98
O43143	Rockefeller_NCBP1_10	98
O43251-8;O43251-6;O43251-5;O43251;O43251-10;O43251-2;O43251-4;Q9NWB1-3;O43251-9;Q9NWB1-4;Q9NWB1-5;Q9NWB1;O43251-7;Q9NWB1-2;O43251-3;A6NFN3-2;A6NFN3	Rockefeller_NCBP1_10	95
O75400;O75400-2;O75400-3	Rockefeller_NCBP1_10	100
O75533;O75533-2	Rockefeller_NCBP1_10	100
O75643;O75643-2	Rockefeller_NCBP1_10	100
P02545;P02545-3;P02545-6;P02545-5;P02545-4;REV__Q5VX52	Rockefeller_NCBP1_10	96
P07910-2;P07910;P07910-4;P07910-3;P0DMR1;O60812;B7ZW38;B2RXH8;Q86SE5;Q86SE5-3	Rockefeller_NCBP1_10	100
P08195-3;P08195;P08195-4;P08195-2	Rockefeller_NCBP1_10	100
P08238;Q58FF7	Rockefeller_NCBP1_10	100
P08579	Rockefeller_NCBP1_10	94
P08865	Rockefeller_NCBP1_10	92
P09651-3;P09651-2;P09651;Q32P51	Rockefeller_NCBP1_10	98
P0DMV8;P0DMV9;P0DMV8-2	Rockefeller_NCBP1_10	100
P11021	Rockefeller_NCBP1_10	99
P11940;P11940-2;Q9H361;Q4VXU2;Q4VXU2-2;Q96DU9-2;Q96DU9	Rockefeller_NCBP1_10	100
P14866;P14866-2	Rockefeller_NCBP1_10	96
P17844;P17844-2	Rockefeller_NCBP1_10	95
P18124	Rockefeller_NCBP1_10	91
P19338	Rockefeller_NCBP1_10	95
P22626;P22626-2	Rockefeller_NCBP1_10	100
P23396;P23396-2	Rockefeller_NCBP1_10	99
P25705;P25705-2;P25705-3	Rockefeller_NCBP1_10	97
P27824-2;P27824;P27824-3	Rockefeller_NCBP1_10	100
P30050;P30050-2	Rockefeller_NCBP1_10	96
P31943	Rockefeller_NCBP1_10	100
P38159;P38159-2;Q96E39;P38159-3;O75526;Q8N7X1	Rockefeller_NCBP1_10	98
P38919	Rockefeller_NCBP1_10	100
P39019	Rockefeller_NCBP1_10	98
P42285	Rockefeller_NCBP1_10	98
P42704;Q9NP80-3;Q9NP80-2;Q9NP80	Rockefeller_NCBP1_10	95
P43243;P43243-2	Rockefeller_NCBP1_10	100
P49790;P49790-3;P49790-2	Rockefeller_NCBP1_10	100
P52292	Rockefeller_NCBP1_10	100
P52298;P52298-3	Rockefeller_NCBP1_10	100
P52597	Rockefeller_NCBP1_10	100
P53999	Rockefeller_NCBP1_10	96
P57678	Rockefeller_NCBP1_10	99
P61326;P61326-2	Rockefeller_NCBP1_10	98
P62263	Rockefeller_NCBP1_10	95
P62316;P62316-2	Rockefeller_NCBP1_10	96
P67809;Q9Y2T7	Rockefeller_NCBP1_10	99
P68363;P68363-2;Q9H853	Rockefeller_NCBP1_10	99
P84090	Rockefeller_NCBP1_10	95
Q00839;Q00839-2	Rockefeller_NCBP1_10	100
Q06830	Rockefeller_NCBP1_10	89
Q07955;Q07955-3;Q07955-2	Rockefeller_NCBP1_10	98
Q08211;Q08211-2	Rockefeller_NCBP1_10	91
Q09161	Rockefeller_NCBP1_10	100
Q12906-7;Q12906;Q12906-4;Q12906-6;Q12906-5;Q12906-2;Q12906-3	Rockefeller_NCBP1_10	97
Q13247;Q13247-3;Q13247-2	Rockefeller_NCBP1_10	97
Q13310-3;Q13310-2;Q13310;P0CB38	Rockefeller_NCBP1_10	100
Q13435	Rockefeller_NCBP1_10	100
Q13838;Q13838-2	Rockefeller_NCBP1_10	96
Q14103-4;Q14103-3;Q14103-2;Q14103	Rockefeller_NCBP1_10	92
Q14974;Q14974-2	Rockefeller_NCBP1_10	100
Q15029-2;Q15029;Q15029-3	Rockefeller_NCBP1_10	100
Q15149;Q15149-7;Q15149-9;Q15149-5;Q15149-6	Rockefeller_NCBP1_10	100
Q15393;Q15393-3;Q15393-2	Rockefeller_NCBP1_10	99
Q15717;Q15717-2;P26378-4;P26378-2;P26378-5;P26378;P26378-3	Rockefeller_NCBP1_10	99
Q16629-3;Q16629-2;Q16629-4;Q16629	Rockefeller_NCBP1_10	99
Q16637-4;Q16637-2;Q16637-3;Q16637	Rockefeller_NCBP1_10	96
Q1KMD3	Rockefeller_NCBP1_10	99
Q53F19;Q53F19-2	Rockefeller_NCBP1_10	95
Q5BKZ1;Q5BKZ1-2;Q5BKZ1-3	Rockefeller_NCBP1_10	99
Q5VTE0;P68104;P68104-2;Q05639	Rockefeller_NCBP1_10	100
Q6P2Q9	Rockefeller_NCBP1_10	100
Q6PJT7-5;Q6PJT7;Q6PJT7-10;Q6PJT7-4;Q6PJT7-8	Rockefeller_NCBP1_10	94
Q6PKG0;Q6PKG0-3;Q659C4-7;Q659C4-6;Q659C4-5;Q659C4-2;Q659C4;Q659C4-9	Rockefeller_NCBP1_10	99
Q71DI3;Q16695;P84243;P68431;Q6NXT2	Rockefeller_NCBP1_10	99
Q86U42-2;Q86U42;Q92843-2;A6NDY0-2;A6NDY0;A6NDY0-4	Rockefeller_NCBP1_10	99
Q8IWZ3;Q8IWZ3-4;Q8IWZ3-6;Q8IWZ3-5	Rockefeller_NCBP1_10	94
Q8TEQ6	Rockefeller_NCBP1_10	96
Q92900-2;Q92900	Rockefeller_NCBP1_10	96
Q92945	Rockefeller_NCBP1_10	98
Q99459	Rockefeller_NCBP1_10	96
Q99567	Rockefeller_NCBP1_10	88
Q9BWF3;Q9BWF3-4;Q9BWF3-3;Q9BWF3-2;Q9BQ04	Rockefeller_NCBP1_10	96
Q9BXP5-4;Q9BXP5-2;Q9BXP5-3;Q9BXP5;Q9BXP5-5	Rockefeller_NCBP1_10	100
Q9BZJ0-2;Q9BZJ0-3;Q9BZJ0	Rockefeller_NCBP1_10	93
Q9H814	Rockefeller_NCBP1_10	100
Q9NYF8-2;Q9NYF8;Q9NYF8-3;Q9NYF8-4	Rockefeller_NCBP1_10	100
Q9NZB2;Q9NZB2-6;Q9NZB2-4;Q9NZB2-5;Q9NZB2-2;Q5T035	Rockefeller_NCBP1_10	88
Q9UHI6;Q9UHI6-2	Rockefeller_NCBP1_10	99
Q9UKM9-2;Q9UKM9	Rockefeller_NCBP1_10	98
Q9UKV3-5;Q9UKV3;Q9UKV3-3;Q9UKV3-2	Rockefeller_NCBP1_10	93
Q9UMS4	Rockefeller_NCBP1_10	97
Q9Y2W1	Rockefeller_NCBP1_10	100
Q9Y383;Q96HJ9-2;Q9Y383-3;Q9Y383-2	Rockefeller_NCBP1_10	98
O00159-3;O00159	Rockefeller_NCBP1_12	99
O00505	Rockefeller_NCBP1_12	100
O00571-2;O00571;O15523-2;O15523;O15523-3;Q9NQI0-3;Q9NQI0-2;Q9NQI0-4;Q9NQI0	Rockefeller_NCBP1_12	99
O14979-3;O14979-2;O14979	Rockefeller_NCBP1_12	94
O43143	Rockefeller_NCBP1_12	99
O43290	Rockefeller_NCBP1_12	95
O43390;O43390-2;O43390-3;O43390-4	Rockefeller_NCBP1_12	98
O60506-2;O60506	Rockefeller_NCBP1_12	85
O60841	Rockefeller_NCBP1_12	88
O75152	Rockefeller_NCBP1_12	98
O75400;O75400-2;O75400-3	Rockefeller_NCBP1_12	99
O75643;O75643-2	Rockefeller_NCBP1_12	100
O94906;O94906-2	Rockefeller_NCBP1_12	99
P05388-2;P05388;Q8NHW5	Rockefeller_NCBP1_12	98
P07437;A6NNZ2	Rockefeller_NCBP1_12	92
P07910-2;P07910;P07910-4;P07910-3;P0DMR1;O60812;B7ZW38;B2RXH8;Q86SE5;Q86SE5-3	Rockefeller_NCBP1_12	98
P08579	Rockefeller_NCBP1_12	96
P08621-2;P08621;P08621-3;P08621-4	Rockefeller_NCBP1_12	94
P08865	Rockefeller_NCBP1_12	96
P09874	Rockefeller_NCBP1_12	100
P11021	Rockefeller_NCBP1_12	90
P11388;P11388-2;P11388-3;P11388-4	Rockefeller_NCBP1_12	99
P11940;P11940-2;Q9H361;Q4VXU2;Q4VXU2-2;Q96DU9-2;Q96DU9	Rockefeller_NCBP1_12	100
P14678-2;P63162;P14678;P63162-2;P14678-3	Rockefeller_NCBP1_12	91
P14866;P14866-2	Rockefeller_NCBP1_12	98
P16989;P16989-2;P16989-3	Rockefeller_NCBP1_12	96
P17844;P17844-2	Rockefeller_NCBP1_12	100
P18124	Rockefeller_NCBP1_12	94
P18615-3;P18615;P18615-4	Rockefeller_NCBP1_12	99
P23396;P23396-2	Rockefeller_NCBP1_12	95
P26368-2;P26368	Rockefeller_NCBP1_12	98
P26599;P26599-2;P26599-3	Rockefeller_NCBP1_12	90
P30050;P30050-2	Rockefeller_NCBP1_12	94
P31943	Rockefeller_NCBP1_12	100
P35268	Rockefeller_NCBP1_12	93
P38159;P38159-2;Q96E39;P38159-3;O75526;Q8N7X1	Rockefeller_NCBP1_12	100
P38919	Rockefeller_NCBP1_12	99
P39019	Rockefeller_NCBP1_12	97
P42285	Rockefeller_NCBP1_12	99
P43243;P43243-2	Rockefeller_NCBP1_12	100
P46013;P46013-2	Rockefeller_NCBP1_12	96
P46087-2;P46087;P46087-4;P46087-3	Rockefeller_NCBP1_12	90
P46782	Rockefeller_NCBP1_12	92
P49756;P49756-2;P49756-3;P49756-4	Rockefeller_NCBP1_12	98
P49790;P49790-3;P49790-2	Rockefeller_NCBP1_12	100
P51991;P51991-2	Rockefeller_NCBP1_12	100
P52272-2;P52272	Rockefeller_NCBP1_12	99
P52292	Rockefeller_NCBP1_12	100
P52298;P52298-3	Rockefeller_NCBP1_12	100
P52597	Rockefeller_NCBP1_12	97
P55265;P55265-4;P55265-5;P55265-3;P55265-2	Rockefeller_NCBP1_12	88
P57678	Rockefeller_NCBP1_12	97
P61247	Rockefeller_NCBP1_12	97
P61326;P61326-2	Rockefeller_NCBP1_12	96
P61978-3;P61978;P61978-2	Rockefeller_NCBP1_12	99
P62081	Rockefeller_NCBP1_12	92
P62269	Rockefeller_NCBP1_12	98
P62316;P62316-2	Rockefeller_NCBP1_12	94
P62913;P62913-2	Rockefeller_NCBP1_12	94
P62979;P62987;P0CG47;P0CG48	Rockefeller_NCBP1_12	100
P63244	Rockefeller_NCBP1_12	85
P67809;Q9Y2T7	Rockefeller_NCBP1_12	100
P68363;P68363-2;Q9H853	Rockefeller_NCBP1_12	95
P78527;P78527-2	Rockefeller_NCBP1_12	88
P84090	Rockefeller_NCBP1_12	93
Q00610-2;Q00610;P53675-2;P53675	Rockefeller_NCBP1_12	97
Q00839;Q00839-2	Rockefeller_NCBP1_12	100
Q01130;Q01130-2;Q9BRL6-2;Q9BRL6	Rockefeller_NCBP1_12	99
Q07955;Q07955-3;Q07955-2	Rockefeller_NCBP1_12	100
Q09161	Rockefeller_NCBP1_12	100
Q12906-7;Q12906;Q12906-4;Q12906-6;Q12906-5;Q12906-2;Q12906-3	Rockefeller_NCBP1_12	100
Q13151	Rockefeller_NCBP1_12	98
Q13242	Rockefeller_NCBP1_12	94
Q13243;Q13243-3;Q13243-2	Rockefeller_NCBP1_12	93
Q13247;Q13247-3;Q13247-2	Rockefeller_NCBP1_12	98
Q13283;Q13283-2	Rockefeller_NCBP1_12	94
Q13310-3;Q13310-2;Q13310;P0CB38	Rockefeller_NCBP1_12	100
Q13435	Rockefeller_NCBP1_12	98
Q13838;Q13838-2	Rockefeller_NCBP1_12	100
Q14103-4;Q14103-3;Q14103-2;Q14103	Rockefeller_NCBP1_12	100
Q14151;Q14151-2	Rockefeller_NCBP1_12	96
Q14444-2;Q14444	Rockefeller_NCBP1_12	100
Q14974;Q14974-2	Rockefeller_NCBP1_12	99
Q15029-2;Q15029;Q15029-3	Rockefeller_NCBP1_12	100
Q15459;Q15459-2	Rockefeller_NCBP1_12	98
Q15717;Q15717-2;P26378-4;P26378-2;P26378-5;P26378;P26378-3	Rockefeller_NCBP1_12	98
Q16629-3;Q16629-2;Q16629-4;Q16629	Rockefeller_NCBP1_12	100
Q16630-3;Q16630;Q16630-2	Rockefeller_NCBP1_12	92
Q1KMD3	Rockefeller_NCBP1_12	98
Q53F19;Q53F19-2	Rockefeller_NCBP1_12	99
Q5BKZ1;Q5BKZ1-2;Q5BKZ1-3	Rockefeller_NCBP1_12	97
Q6NZY4;Q6NZY4-2	Rockefeller_NCBP1_12	99
Q6P2Q9	Rockefeller_NCBP1_12	98
Q6PKG0;Q6PKG0-3;Q659C4-7;Q659C4-6;Q659C4-5;Q659C4-2;Q659C4;Q659C4-9	Rockefeller_NCBP1_12	96
Q71RC2-3;Q71RC2;Q71RC2-4;Q71RC2-5;Q71RC2-2;Q71RC2-6;Q71RC2-7	Rockefeller_NCBP1_12	95
Q7Z478	Rockefeller_NCBP1_12	97
Q86U42-2;Q86U42;Q92843-2;A6NDY0-2;A6NDY0;A6NDY0-4	Rockefeller_NCBP1_12	97
Q86VM9;Q86VM9-2	Rockefeller_NCBP1_12	100
Q8NC51-4;Q8NC51-3;Q8NC51-2;Q8NC51	Rockefeller_NCBP1_12	87
Q8NI27;Q8NI27-2	Rockefeller_NCBP1_12	97
Q8TEQ6	Rockefeller_NCBP1_12	97
Q8WWM7;Q8WWM7-6;Q8WWM7-8;Q8WWM7-5;Q8WWM7-4;Q8WWM7-9;Q8WWM7-2;Q8WWM7-3;Q8WWM7-7	Rockefeller_NCBP1_12	93
Q8WX92	Rockefeller_NCBP1_12	98
Q92615	Rockefeller_NCBP1_12	96
Q92804-2;Q92804	Rockefeller_NCBP1_12	96
Q92841;Q92841-1;Q92841-3;Q92841-2	Rockefeller_NCBP1_12	98
Q92900-2;Q92900	Rockefeller_NCBP1_12	98
Q96DI7;Q96DI7-2	Rockefeller_NCBP1_12	86
Q96HS1;Q96HS1-2	Rockefeller_NCBP1_12	96
Q96KR1	Rockefeller_NCBP1_12	90
Q96PK6;Q96PK6-2;Q96PK6-3;Q96PK6-4	Rockefeller_NCBP1_12	95
Q99459	Rockefeller_NCBP1_12	85
Q99729-3;Q99729-2;Q99729-4;Q99729	Rockefeller_NCBP1_12	99
Q9BUJ2-2;Q9BUJ2;Q9BUJ2-4;Q9BUJ2-3;Q9BUJ2-5	Rockefeller_NCBP1_12	99
Q9BUQ8	Rockefeller_NCBP1_12	96
Q9BXP5-4;Q9BXP5-2;Q9BXP5-3;Q9BXP5;Q9BXP5-5	Rockefeller_NCBP1_12	100
Q9H307	Rockefeller_NCBP1_12	98
Q9H814	Rockefeller_NCBP1_12	100
Q9HCE1;Q9HCE1-2	Rockefeller_NCBP1_12	94
Q9NR30;Q9NR30-2	Rockefeller_NCBP1_12	99
Q9NYF8-2;Q9NYF8;Q9NYF8-3;Q9NYF8-4	Rockefeller_NCBP1_12	98
Q9NZB2;Q9NZB2-6;Q9NZB2-4;Q9NZB2-5;Q9NZB2-2;Q5T035	Rockefeller_NCBP1_12	97
Q9UHI6;Q9UHI6-2	Rockefeller_NCBP1_12	96
Q9UKV3-5;Q9UKV3;Q9UKV3-3;Q9UKV3-2	Rockefeller_NCBP1_12	100
Q9UKX7-2;Q9UKX7	Rockefeller_NCBP1_12	96
Q9Y2W1	Rockefeller_NCBP1_12	98
Q9Y383;Q96HJ9-2;Q9Y383-3;Q9Y383-2	Rockefeller_NCBP1_12	100
Q9Y5B9	Rockefeller_NCBP1_12	98
Q9Y5S9;Q9Y5S9-2	Rockefeller_NCBP1_12	92
O00505	Rockefeller_NCBP1_14	100
P31944	Rockefeller_NCBP1_14	99
P52292	Rockefeller_NCBP1_14	100
P52298;P52298-3	Rockefeller_NCBP1_14	100
P57678	Rockefeller_NCBP1_14	100
P62826	Rockefeller_NCBP1_14	97
Q02809;Q02809-2	Rockefeller_NCBP1_14	98
Q09161	Rockefeller_NCBP1_14	98
Q09666;Q09666-2;P48552	Rockefeller_NCBP1_14	100
Q8TEQ6	Rockefeller_NCBP1_14	100
Q9BXP5-4;Q9BXP5-2;Q9BXP5-3;Q9BXP5;Q9BXP5-5	Rockefeller_NCBP1_14	100
Q9H814	Rockefeller_NCBP1_14	100
Q9UHI6;Q9UHI6-2	Rockefeller_NCBP1_14	100
O00425;O00425-2;Q9Y6M1-5;Q9Y6M1-6;Q9Y6M1-3;Q9Y6M1-4;Q9Y6M1-1;Q9Y6M1	Rockefeller_NCBP1_18	100
O00505	Rockefeller_NCBP1_18	100
O14979-3;O14979-2;O14979	Rockefeller_NCBP1_18	100
O43290	Rockefeller_NCBP1_18	100
O43390;O43390-2;O43390-3;O43390-4	Rockefeller_NCBP1_18	100
O43684-2;O43684	Rockefeller_NCBP1_18	100
O60506-2;O60506	Rockefeller_NCBP1_18	100
O60684;O15131	Rockefeller_NCBP1_18	100
O75152	Rockefeller_NCBP1_18	100
O75400;O75400-2;O75400-3	Rockefeller_NCBP1_18	100
P04406;P04406-2;O14556	Rockefeller_NCBP1_18	100
P08579	Rockefeller_NCBP1_18	100
P08621-2;P08621;P08621-3;P08621-4	Rockefeller_NCBP1_18	100
P09012	Rockefeller_NCBP1_18	100
P09234	Rockefeller_NCBP1_18	100
P09661	Rockefeller_NCBP1_18	100
P09874	Rockefeller_NCBP1_18	100
P10809;P10809-2	Rockefeller_NCBP1_18	100
P11940;P11940-2;Q9H361;Q4VXU2;Q4VXU2-2;Q96DU9-2;Q96DU9	Rockefeller_NCBP1_18	100
P14678-2;P63162;P14678;P63162-2;P14678-3	Rockefeller_NCBP1_18	100
P14866;P14866-2	Rockefeller_NCBP1_18	100
P18583-7;P18583;P18583-5;P18583-9;P18583-2;P18583-10;P18583-3;P18583-4;P18583-6;P18583-8	Rockefeller_NCBP1_18	100
P18615-3;P18615;P18615-4	Rockefeller_NCBP1_18	100
P18621-3;P18621;P18621-2	Rockefeller_NCBP1_18	100
P25705;P25705-2;P25705-3	Rockefeller_NCBP1_18	100
P26373;P26373-2	Rockefeller_NCBP1_18	100
P26599;P26599-2;P26599-3	Rockefeller_NCBP1_18	100
P31942-3;P31942-2;P31942;P31942-4;P31942-6;P31942-5	Rockefeller_NCBP1_18	100
P35268	Rockefeller_NCBP1_18	100
P38919	Rockefeller_NCBP1_18	100
P39019	Rockefeller_NCBP1_18	100
P42285	Rockefeller_NCBP1_18	100
P46782	Rockefeller_NCBP1_18	100
P47756-2;P47756	Rockefeller_NCBP1_18	100
P49756;P49756-2;P49756-3;P49756-4	Rockefeller_NCBP1_18	100
P49790;P49790-3;P49790-2	Rockefeller_NCBP1_18	100
P51991;P51991-2	Rockefeller_NCBP1_18	100
P52292	Rockefeller_NCBP1_18	100
P52294	Rockefeller_NCBP1_18	100
P52298;P52298-3	Rockefeller_NCBP1_18	100
P55265;P55265-4;P55265-5;P55265-3;P55265-2	Rockefeller_NCBP1_18	100
P57678	Rockefeller_NCBP1_18	100
P61326;P61326-2	Rockefeller_NCBP1_18	100
P62081	Rockefeller_NCBP1_18	100
P62244	Rockefeller_NCBP1_18	100
P62249	Rockefeller_NCBP1_18	100
P62269	Rockefeller_NCBP1_18	100
P62277	Rockefeller_NCBP1_18	100
P62316;P62316-2	Rockefeller_NCBP1_18	100
P62701;Q8TD47;P22090	Rockefeller_NCBP1_18	100
P62750	Rockefeller_NCBP1_18	100
P67809;Q9Y2T7	Rockefeller_NCBP1_18	100
P84090	Rockefeller_NCBP1_18	100
Q02809;Q02809-2	Rockefeller_NCBP1_18	100
Q08554-2;Q08554	Rockefeller_NCBP1_18	100
Q09161	Rockefeller_NCBP1_18	100
Q09666;Q09666-2;P48552	Rockefeller_NCBP1_18	100
Q12905	Rockefeller_NCBP1_18	100
Q13242	Rockefeller_NCBP1_18	100
Q13310-3;Q13310-2;Q13310;P0CB38	Rockefeller_NCBP1_18	100
Q13838;Q13838-2	Rockefeller_NCBP1_18	100
Q14103-4;Q14103-3;Q14103-2;Q14103	Rockefeller_NCBP1_18	100
Q14152;Q14152-2	Rockefeller_NCBP1_18	100
Q14444-2;Q14444	Rockefeller_NCBP1_18	100
Q14498-3;Q14498-2;Q14498;Q86U06-4;Q86U06-5;Q86U06-2;Q86U06;Q86U06-3	Rockefeller_NCBP1_18	100
Q14974;Q14974-2	Rockefeller_NCBP1_18	100
Q15424;Q15424-4;Q15424-3;Q15424-2	Rockefeller_NCBP1_18	100
Q15717;Q15717-2;P26378-4;P26378-2;P26378-5;P26378;P26378-3	Rockefeller_NCBP1_18	100
Q16630-3;Q16630;Q16630-2	Rockefeller_NCBP1_18	100
Q1KMD3	Rockefeller_NCBP1_18	100
Q53F19;Q53F19-2	Rockefeller_NCBP1_18	100
Q5BKZ1;Q5BKZ1-2;Q5BKZ1-3	Rockefeller_NCBP1_18	100
Q6NZY4;Q6NZY4-2	Rockefeller_NCBP1_18	100
Q6PKG0;Q6PKG0-3;Q659C4-7;Q659C4-6;Q659C4-5;Q659C4-2;Q659C4;Q659C4-9	Rockefeller_NCBP1_18	100
Q7Z478	Rockefeller_NCBP1_18	100
Q86U42-2;Q86U42;Q92843-2;A6NDY0-2;A6NDY0;A6NDY0-4	Rockefeller_NCBP1_18	100
Q86V81	Rockefeller_NCBP1_18	100
Q86VM9;Q86VM9-2	Rockefeller_NCBP1_18	100
Q8NI27;Q8NI27-2	Rockefeller_NCBP1_18	100
Q92804-2;Q92804	Rockefeller_NCBP1_18	100
Q92900-2;Q92900	Rockefeller_NCBP1_18	100
Q96KR1	Rockefeller_NCBP1_18	100
Q96P63;Q96P63-2	Rockefeller_NCBP1_18	100
Q99459	Rockefeller_NCBP1_18	100
Q99729-3;Q99729-2;Q99729-4;Q99729	Rockefeller_NCBP1_18	100
Q9BUJ2-2;Q9BUJ2;Q9BUJ2-4;Q9BUJ2-3;Q9BUJ2-5	Rockefeller_NCBP1_18	100
Q9BUQ8	Rockefeller_NCBP1_18	100
Q9BXP5-4;Q9BXP5-2;Q9BXP5-3;Q9BXP5;Q9BXP5-5	Rockefeller_NCBP1_18	100
Q9H307	Rockefeller_NCBP1_18	100
Q9H814	Rockefeller_NCBP1_18	100
Q9NYF8-2;Q9NYF8;Q9NYF8-3;Q9NYF8-4	Rockefeller_NCBP1_18	100
Q9NZB2;Q9NZB2-6;Q9NZB2-4;Q9NZB2-5;Q9NZB2-2;Q5T035	Rockefeller_NCBP1_18	100
Q9UHI6;Q9UHI6-2	Rockefeller_NCBP1_18	100
Q9UKM9-2;Q9UKM9	Rockefeller_NCBP1_18	100
Q9UKV3-5;Q9UKV3;Q9UKV3-3;Q9UKV3-2	Rockefeller_NCBP1_18	100
Q9UMS4	Rockefeller_NCBP1_18	100
Q9Y5S9;Q9Y5S9-2	Rockefeller_NCBP1_18	100
O00505	Rockefeller_NCBP1_20	100
O14979-3;O14979-2;O14979	Rockefeller_NCBP1_20	100
O43143	Rockefeller_NCBP1_20	100
O43390;O43390-2;O43390-3;O43390-4	Rockefeller_NCBP1_20	100
O75152	Rockefeller_NCBP1_20	100
O75533;O75533-2	Rockefeller_NCBP1_20	100
O75643;O75643-2	Rockefeller_NCBP1_20	100
P04259	Rockefeller_NCBP1_20	100
P11940;P11940-2;Q9H361;Q4VXU2;Q4VXU2-2;Q96DU9-2;Q96DU9	Rockefeller_NCBP1_20	100
P14866;P14866-2	Rockefeller_NCBP1_20	100
P31942-3;P31942-2;P31942;P31942-4;P31942-6;P31942-5	Rockefeller_NCBP1_20	100
P38159;P38159-2;Q96E39;P38159-3;O75526;Q8N7X1	Rockefeller_NCBP1_20	100
P38919	Rockefeller_NCBP1_20	100
P42285	Rockefeller_NCBP1_20	100
P46087-2;P46087;P46087-4;P46087-3	Rockefeller_NCBP1_20	100
P49790;P49790-3;P49790-2	Rockefeller_NCBP1_20	100
P51991;P51991-2	Rockefeller_NCBP1_20	100
P52292	Rockefeller_NCBP1_20	100
P52298;P52298-3	Rockefeller_NCBP1_20	100
P57678	Rockefeller_NCBP1_20	100
P61326;P61326-2	Rockefeller_NCBP1_20	100
P61978-3;P61978;P61978-2	Rockefeller_NCBP1_20	100
P62701;Q8TD47;P22090	Rockefeller_NCBP1_20	100
P63244	Rockefeller_NCBP1_20	100
Q09161	Rockefeller_NCBP1_20	100
Q12906-7;Q12906;Q12906-4;Q12906-6;Q12906-5;Q12906-2;Q12906-3	Rockefeller_NCBP1_20	100
Q13310-3;Q13310-2;Q13310;P0CB38	Rockefeller_NCBP1_20	100
Q13838;Q13838-2	Rockefeller_NCBP1_20	100
Q14974;Q14974-2	Rockefeller_NCBP1_20	100
Q15029-2;Q15029;Q15029-3	Rockefeller_NCBP1_20	100
Q15393;Q15393-3;Q15393-2	Rockefeller_NCBP1_20	100
Q15459;Q15459-2	Rockefeller_NCBP1_20	100
Q15717;Q15717-2;P26378-4;P26378-2;P26378-5;P26378;P26378-3	Rockefeller_NCBP1_20	100
Q16629-3;Q16629-2;Q16629-4;Q16629	Rockefeller_NCBP1_20	100
Q1KMD3	Rockefeller_NCBP1_20	100
Q5BKZ1;Q5BKZ1-2;Q5BKZ1-3	Rockefeller_NCBP1_20	100
Q6P2Q9	Rockefeller_NCBP1_20	100
Q6PJT7-5;Q6PJT7;Q6PJT7-10;Q6PJT7-4;Q6PJT7-8	Rockefeller_NCBP1_20	100
Q6PKG0;Q6PKG0-3;Q659C4-7;Q659C4-6;Q659C4-5;Q659C4-2;Q659C4;Q659C4-9	Rockefeller_NCBP1_20	100
Q86U42-2;Q86U42;Q92843-2;A6NDY0-2;A6NDY0;A6NDY0-4	Rockefeller_NCBP1_20	100
Q8TEQ6	Rockefeller_NCBP1_20	100
Q92804-2;Q92804	Rockefeller_NCBP1_20	100
Q92900-2;Q92900	Rockefeller_NCBP1_20	100
Q99729-3;Q99729-2;Q99729-4;Q99729	Rockefeller_NCBP1_20	100
Q9BXP5-4;Q9BXP5-2;Q9BXP5-3;Q9BXP5;Q9BXP5-5	Rockefeller_NCBP1_20	100
Q9H814	Rockefeller_NCBP1_20	100
Q9NZB2;Q9NZB2-6;Q9NZB2-4;Q9NZB2-5;Q9NZB2-2;Q5T035	Rockefeller_NCBP1_20	100
Q9UHI6;Q9UHI6-2	Rockefeller_NCBP1_20	100
Q9Y2W1	Rockefeller_NCBP1_20	100
O00425;O00425-2;Q9Y6M1-5;Q9Y6M1-6;Q9Y6M1-3;Q9Y6M1-4;Q9Y6M1-1;Q9Y6M1	Rockefeller_NCBP1_7	100
O00505	Rockefeller_NCBP1_7	100
O00629	Rockefeller_NCBP1_7	100
O43290	Rockefeller_NCBP1_7	100
O43390;O43390-2;O43390-3;O43390-4	Rockefeller_NCBP1_7	100
O60506-2;O60506	Rockefeller_NCBP1_7	100
O75152	Rockefeller_NCBP1_7	100
O75400;O75400-2;O75400-3	Rockefeller_NCBP1_7	100
O94906;O94906-2	Rockefeller_NCBP1_7	100
P07910-2;P07910;P07910-4;P07910-3;P0DMR1;O60812;B7ZW38;B2RXH8;Q86SE5;Q86SE5-3	Rockefeller_NCBP1_7	100
P08579	Rockefeller_NCBP1_7	100
P11940;P11940-2;Q9H361;Q4VXU2;Q4VXU2-2;Q96DU9-2;Q96DU9	Rockefeller_NCBP1_7	100
P13073	Rockefeller_NCBP1_7	100
P14678-2;P63162;P14678;P63162-2;P14678-3	Rockefeller_NCBP1_7	100
P14866;P14866-2	Rockefeller_NCBP1_7	100
P16989;P16989-2;P16989-3	Rockefeller_NCBP1_7	100
P18615-3;P18615;P18615-4	Rockefeller_NCBP1_7	100
P26368-2;P26368	Rockefeller_NCBP1_7	100
P31930	Rockefeller_NCBP1_7	100
P31942-3;P31942-2;P31942;P31942-4;P31942-6;P31942-5	Rockefeller_NCBP1_7	100
P31943	Rockefeller_NCBP1_7	100
P38919	Rockefeller_NCBP1_7	100
P39019	Rockefeller_NCBP1_7	100
P42285	Rockefeller_NCBP1_7	100
P42677	Rockefeller_NCBP1_7	100
P42704;Q9NP80-3;Q9NP80-2;Q9NP80	Rockefeller_NCBP1_7	100
P43243;P43243-2	Rockefeller_NCBP1_7	100
P46782	Rockefeller_NCBP1_7	100
P49756;P49756-2;P49756-3;P49756-4	Rockefeller_NCBP1_7	100
P49790;P49790-3;P49790-2	Rockefeller_NCBP1_7	100
P51991;P51991-2	Rockefeller_NCBP1_7	100
P52292	Rockefeller_NCBP1_7	100
P52298;P52298-3	Rockefeller_NCBP1_7	100
P52597	Rockefeller_NCBP1_7	100
P57678	Rockefeller_NCBP1_7	100
P61326;P61326-2	Rockefeller_NCBP1_7	100
P61978-3;P61978;P61978-2	Rockefeller_NCBP1_7	100
P62249	Rockefeller_NCBP1_7	100
P62263	Rockefeller_NCBP1_7	100
P62269	Rockefeller_NCBP1_7	100
P62280	Rockefeller_NCBP1_7	100
P62316;P62316-2	Rockefeller_NCBP1_7	100
P62701;Q8TD47;P22090	Rockefeller_NCBP1_7	100
P62750	Rockefeller_NCBP1_7	100
P63244	Rockefeller_NCBP1_7	100
P84090	Rockefeller_NCBP1_7	100
Q01130;Q01130-2;Q9BRL6-2;Q9BRL6	Rockefeller_NCBP1_7	100
Q09161	Rockefeller_NCBP1_7	100
Q12905	Rockefeller_NCBP1_7	100
Q13151	Rockefeller_NCBP1_7	100
Q13242	Rockefeller_NCBP1_7	100
Q13247;Q13247-3;Q13247-2	Rockefeller_NCBP1_7	100
Q13310-3;Q13310-2;Q13310;P0CB38	Rockefeller_NCBP1_7	100
Q13838;Q13838-2	Rockefeller_NCBP1_7	100
Q14103-4;Q14103-3;Q14103-2;Q14103	Rockefeller_NCBP1_7	100
Q14444-2;Q14444	Rockefeller_NCBP1_7	100
Q14498-3;Q14498-2;Q14498;Q86U06-4;Q86U06-5;Q86U06-2;Q86U06;Q86U06-3	Rockefeller_NCBP1_7	100
Q14974;Q14974-2	Rockefeller_NCBP1_7	100
Q15287-3;Q15287-2;Q15287	Rockefeller_NCBP1_7	100
Q15459;Q15459-2	Rockefeller_NCBP1_7	100
Q15717;Q15717-2;P26378-4;P26378-2;P26378-5;P26378;P26378-3	Rockefeller_NCBP1_7	100
Q16629-3;Q16629-2;Q16629-4;Q16629	Rockefeller_NCBP1_7	100
Q16637-4;Q16637-2;Q16637-3;Q16637	Rockefeller_NCBP1_7	100
Q1KMD3	Rockefeller_NCBP1_7	100
Q53F19;Q53F19-2	Rockefeller_NCBP1_7	100
Q5BKZ1;Q5BKZ1-2;Q5BKZ1-3	Rockefeller_NCBP1_7	100
Q6NZY4;Q6NZY4-2	Rockefeller_NCBP1_7	100
Q6P2Q9	Rockefeller_NCBP1_7	100
Q6PJT7-5;Q6PJT7;Q6PJT7-10;Q6PJT7-4;Q6PJT7-8	Rockefeller_NCBP1_7	100
Q6PKG0;Q6PKG0-3;Q659C4-7;Q659C4-6;Q659C4-5;Q659C4-2;Q659C4;Q659C4-9	Rockefeller_NCBP1_7	100
Q6UN15-3;Q6UN15-5;Q6UN15;Q6UN15-4	Rockefeller_NCBP1_7	100
Q71RC2-3;Q71RC2;Q71RC2-4;Q71RC2-5;Q71RC2-2;Q71RC2-6;Q71RC2-7	Rockefeller_NCBP1_7	100
Q7Z478	Rockefeller_NCBP1_7	100
Q86U42-2;Q86U42;Q92843-2;A6NDY0-2;A6NDY0;A6NDY0-4	Rockefeller_NCBP1_7	100
Q86V81	Rockefeller_NCBP1_7	100
Q86VM9;Q86VM9-2	Rockefeller_NCBP1_7	100
Q8IWX8	Rockefeller_NCBP1_7	100
Q8NC51-4;Q8NC51-3;Q8NC51-2;Q8NC51	Rockefeller_NCBP1_7	99
Q8TEQ6	Rockefeller_NCBP1_7	100
Q8WX92	Rockefeller_NCBP1_7	100
Q92499;Q92499-3;Q92499-2	Rockefeller_NCBP1_7	100
Q92615	Rockefeller_NCBP1_7	100
Q92900-2;Q92900	Rockefeller_NCBP1_7	100
Q96DI7;Q96DI7-2	Rockefeller_NCBP1_7	100
Q96KR1	Rockefeller_NCBP1_7	100
Q96T37-4;Q96T37-2;Q96T37-3;Q96T37	Rockefeller_NCBP1_7	100
Q99459	Rockefeller_NCBP1_7	100
Q99729-3;Q99729-2;Q99729-4;Q99729	Rockefeller_NCBP1_7	100
Q9BUJ2-2;Q9BUJ2;Q9BUJ2-4;Q9BUJ2-3;Q9BUJ2-5	Rockefeller_NCBP1_7	100
Q9BUQ8	Rockefeller_NCBP1_7	100
Q9BXP5-4;Q9BXP5-2;Q9BXP5-3;Q9BXP5;Q9BXP5-5	Rockefeller_NCBP1_7	100
Q9H307	Rockefeller_NCBP1_7	100
Q9H814	Rockefeller_NCBP1_7	100
Q9HCE1;Q9HCE1-2	Rockefeller_NCBP1_7	100
Q9NS69	Rockefeller_NCBP1_7	92
Q9NYF8-2;Q9NYF8;Q9NYF8-3;Q9NYF8-4	Rockefeller_NCBP1_7	100
Q9NZB2;Q9NZB2-6;Q9NZB2-4;Q9NZB2-5;Q9NZB2-2;Q5T035	Rockefeller_NCBP1_7	100
Q9UHI6;Q9UHI6-2	Rockefeller_NCBP1_7	100
Q9UKM9-2;Q9UKM9	Rockefeller_NCBP1_7	100
Q9UKV3-5;Q9UKV3;Q9UKV3-3;Q9UKV3-2	Rockefeller_NCBP1_7	100
Q9UKX7-2;Q9UKX7	Rockefeller_NCBP1_7	100
Q9UMS4	Rockefeller_NCBP1_7	100
Q9Y5S9;Q9Y5S9-2	Rockefeller_NCBP1_7	100
O00505	Rockefeller_NCBP2_10	100
O75179-7;O75179-2;O75179;O75179-6;O75179-4;O75179-3;O75179-5	Rockefeller_NCBP2_10	100
O75533;O75533-2	Rockefeller_NCBP2_10	100
O75643;O75643-2	Rockefeller_NCBP2_10	98
P07355;P07355-2;A6NMY6	Rockefeller_NCBP2_10	100
P07910-2;P07910;P07910-4;P07910-3;P0DMR1;O60812;B7ZW38;B2RXH8;Q86SE5;Q86SE5-3	Rockefeller_NCBP2_10	100
P17844;P17844-2	Rockefeller_NCBP2_10	100
P31943	Rockefeller_NCBP2_10	100
P43243;P43243-2	Rockefeller_NCBP2_10	100
P49756;P49756-2;P49756-3;P49756-4	Rockefeller_NCBP2_10	100
P49790;P49790-3;P49790-2	Rockefeller_NCBP2_10	99
P52298;P52298-3	Rockefeller_NCBP2_10	100
P52597	Rockefeller_NCBP2_10	100
P62805	Rockefeller_NCBP2_10	100
P81605;P81605-2	Rockefeller_NCBP2_10	100
Q00839;Q00839-2	Rockefeller_NCBP2_10	100
Q08554-2;Q08554	Rockefeller_NCBP2_10	100
Q09161	Rockefeller_NCBP2_10	100
Q14527;Q14527-2	Rockefeller_NCBP2_10	100
Q14974;Q14974-2	Rockefeller_NCBP2_10	100
Q15029-2;Q15029;Q15029-3	Rockefeller_NCBP2_10	100
Q6P2Q9	Rockefeller_NCBP2_10	100
Q8N1F7;Q8N1F7-2	Rockefeller_NCBP2_10	100
Q9H814	Rockefeller_NCBP2_10	100
O00505	Rockefeller_NCBP2_12	100
O15042;O15042-2;O15042-3	Rockefeller_NCBP2_12	99
O43290	Rockefeller_NCBP2_12	100
O43684-2;O43684	Rockefeller_NCBP2_12	100
O43719	Rockefeller_NCBP2_12	99
O75152	Rockefeller_NCBP2_12	100
O75400;O75400-2;O75400-3	Rockefeller_NCBP2_12	100
O75643;O75643-2	Rockefeller_NCBP2_12	76
O94906;O94906-2	Rockefeller_NCBP2_12	100
P05388-2;P05388;Q8NHW5	Rockefeller_NCBP2_12	100
P07910-2;P07910;P07910-4;P07910-3;P0DMR1;O60812;B7ZW38;B2RXH8;Q86SE5;Q86SE5-3	Rockefeller_NCBP2_12	100
P0DN76;Q01081;Q01081-2;Q8WU68-3;Q8WU68;Q01081-3;Q01081-4;Q8WU68-2	Rockefeller_NCBP2_12	100
P11021	Rockefeller_NCBP2_12	100
P11940;P11940-2;Q9H361;Q4VXU2;Q4VXU2-2;Q96DU9-2;Q96DU9	Rockefeller_NCBP2_12	100
P13639	Rockefeller_NCBP2_12	100
P16402	Rockefeller_NCBP2_12	100
P16989;P16989-2;P16989-3	Rockefeller_NCBP2_12	96
P18615-3;P18615;P18615-4	Rockefeller_NCBP2_12	100
P23284	Rockefeller_NCBP2_12	100
P26599;P26599-2;P26599-3	Rockefeller_NCBP2_12	100
P35637-2;P35637	Rockefeller_NCBP2_12	99
P38919	Rockefeller_NCBP2_12	100
P41091;Q2VIR3;Q2VIR3-2	Rockefeller_NCBP2_12	97
P42166;P42167-3	Rockefeller_NCBP2_12	100
P42285	Rockefeller_NCBP2_12	100
P49790;P49790-3;P49790-2	Rockefeller_NCBP2_12	100
P51991;P51991-2	Rockefeller_NCBP2_12	100
P52292	Rockefeller_NCBP2_12	100
P52298;P52298-3	Rockefeller_NCBP2_12	100
P52597	Rockefeller_NCBP2_12	100
P55081;Q00653-3;Q00653-4;Q00653	Rockefeller_NCBP2_12	100
P55265;P55265-4;P55265-5;P55265-3;P55265-2	Rockefeller_NCBP2_12	100
P61353	Rockefeller_NCBP2_12	100
P62851	Rockefeller_NCBP2_12	100
P62979;P62987;P0CG47;P0CG48	Rockefeller_NCBP2_12	100
P67809;Q9Y2T7	Rockefeller_NCBP2_12	99
P81605;P81605-2	Rockefeller_NCBP2_12	100
P98175-2;P98175;P98175-5;P98175-4;P98175-3	Rockefeller_NCBP2_12	99
Q02880-2;Q02880	Rockefeller_NCBP2_12	100
Q07065;Q96K21-4;Q96K21-3;Q96K21-2;Q96K21	Rockefeller_NCBP2_12	100
Q09161	Rockefeller_NCBP2_12	100
Q09666;Q09666-2;P48552	Rockefeller_NCBP2_12	100
Q13242	Rockefeller_NCBP2_12	100
Q13247;Q13247-3;Q13247-2	Rockefeller_NCBP2_12	100
Q13838;Q13838-2	Rockefeller_NCBP2_12	100
Q14103-4;Q14103-3;Q14103-2;Q14103	Rockefeller_NCBP2_12	100
Q14151;Q14151-2	Rockefeller_NCBP2_12	100
Q14974;Q14974-2	Rockefeller_NCBP2_12	100
Q15366-6;Q15366-3;Q15366;Q15366-2;Q15366-4;Q15366-5;Q15366-7;Q15366-8;P57721-2;P57721-3;P57721-5;P57721-4;P57721	Rockefeller_NCBP2_12	100
Q15424;Q15424-4;Q15424-3;Q15424-2	Rockefeller_NCBP2_12	99
Q16629-3;Q16629-2;Q16629-4;Q16629	Rockefeller_NCBP2_12	100
Q16778;P33778;P23527;P06899;Q8N257	Rockefeller_NCBP2_12	100
Q1KMD3	Rockefeller_NCBP2_12	100
Q2TAY7;Q2TAY7-2	Rockefeller_NCBP2_12	99
Q53F19;Q53F19-2	Rockefeller_NCBP2_12	99
Q6P2Q9	Rockefeller_NCBP2_12	74
Q86V81	Rockefeller_NCBP2_12	100
Q86VM9;Q86VM9-2	Rockefeller_NCBP2_12	100
Q86XP3;Q86XP3-2	Rockefeller_NCBP2_12	98
Q8IWX8	Rockefeller_NCBP2_12	99
Q8IX12-2;Q8IX12	Rockefeller_NCBP2_12	100
Q8WX92	Rockefeller_NCBP2_12	100
Q92900-2;Q92900	Rockefeller_NCBP2_12	100
Q99459	Rockefeller_NCBP2_12	100
Q99729-3;Q99729-2;Q99729-4;Q99729	Rockefeller_NCBP2_12	100
Q9BUJ2-2;Q9BUJ2;Q9BUJ2-4;Q9BUJ2-3;Q9BUJ2-5	Rockefeller_NCBP2_12	100
Q9BXP5-4;Q9BXP5-2;Q9BXP5-3;Q9BXP5;Q9BXP5-5	Rockefeller_NCBP2_12	100
Q9H6R4-4;Q9H6R4;Q9H6R4-2;Q9H6R4-3	Rockefeller_NCBP2_12	100
Q9H814	Rockefeller_NCBP2_12	100
Q9NWB6;Q9NWB6-2;Q9NWB6-3	Rockefeller_NCBP2_12	100
Q9NYF8-2;Q9NYF8;Q9NYF8-3;Q9NYF8-4	Rockefeller_NCBP2_12	100
Q9UKV3-5;Q9UKV3;Q9UKV3-3;Q9UKV3-2	Rockefeller_NCBP2_12	100
Q9UMS4	Rockefeller_NCBP2_12	100
O00505	Rockefeller_NCBP2_14	100
P31944	Rockefeller_NCBP2_14	100
P52292	Rockefeller_NCBP2_14	100
P52298;P52298-3	Rockefeller_NCBP2_14	100
P81605;P81605-2	Rockefeller_NCBP2_14	100
Q08554-2;Q08554	Rockefeller_NCBP2_14	100
Q09161	Rockefeller_NCBP2_14	100
Q7L014	Rockefeller_NCBP2_14	100
Q9BXP5-4;Q9BXP5-2;Q9BXP5-3;Q9BXP5;Q9BXP5-5	Rockefeller_NCBP2_14	100
Q9H814	Rockefeller_NCBP2_14	100
Q9NZT1	Rockefeller_NCBP2_14	100
O00505	Rockefeller_NCBP2_18	94
O43143	Rockefeller_NCBP2_18	88
O60684;O15131	Rockefeller_NCBP2_18	85
O75152	Rockefeller_NCBP2_18	73
O75494-5;O75494-4;O75494-6;O75494-3;O75494-2;O75494;Q8WXF0	Rockefeller_NCBP2_18	63
O75643;O75643-2	Rockefeller_NCBP2_18	92
O94906;O94906-2	Rockefeller_NCBP2_18	85
P09661	Rockefeller_NCBP2_18	82
P0DN76;Q01081;Q01081-2;Q8WU68-3;Q8WU68;Q01081-3;Q01081-4;Q8WU68-2	Rockefeller_NCBP2_18	83
P14678-2;P63162;P14678;P63162-2;P14678-3	Rockefeller_NCBP2_18	79
P14866;P14866-2	Rockefeller_NCBP2_18	95
P18615-3;P18615;P18615-4	Rockefeller_NCBP2_18	87
P31942-3;P31942-2;P31942;P31942-4;P31942-6;P31942-5	Rockefeller_NCBP2_18	78
P38159;P38159-2;Q96E39;P38159-3;O75526;Q8N7X1	Rockefeller_NCBP2_18	95
P38919	Rockefeller_NCBP2_18	92
P42285	Rockefeller_NCBP2_18	93
P43243;P43243-2	Rockefeller_NCBP2_18	97
P49756;P49756-2;P49756-3;P49756-4	Rockefeller_NCBP2_18	84
P49790;P49790-3;P49790-2	Rockefeller_NCBP2_18	81
P52292	Rockefeller_NCBP2_18	81
P52294	Rockefeller_NCBP2_18	86
P52298;P52298-3	Rockefeller_NCBP2_18	100
P52597	Rockefeller_NCBP2_18	82
P62316;P62316-2	Rockefeller_NCBP2_18	82
Q02809;Q02809-2	Rockefeller_NCBP2_18	69
Q09161	Rockefeller_NCBP2_18	100
Q12874	Rockefeller_NCBP2_18	70
Q13242	Rockefeller_NCBP2_18	74
Q13435	Rockefeller_NCBP2_18	96
Q14103-4;Q14103-3;Q14103-2;Q14103	Rockefeller_NCBP2_18	80
Q14974;Q14974-2	Rockefeller_NCBP2_18	94
Q1KMD3	Rockefeller_NCBP2_18	79
Q2TAY7;Q2TAY7-2	Rockefeller_NCBP2_18	71
Q53F19;Q53F19-2	Rockefeller_NCBP2_18	92
Q6NZY4;Q6NZY4-2	Rockefeller_NCBP2_18	72
Q6P2Q9	Rockefeller_NCBP2_18	96
Q6UN15-3;Q6UN15-5;Q6UN15;Q6UN15-4	Rockefeller_NCBP2_18	67
Q86U42-2;Q86U42;Q92843-2;A6NDY0-2;A6NDY0;A6NDY0-4	Rockefeller_NCBP2_18	74
Q86V81	Rockefeller_NCBP2_18	81
Q86VM9;Q86VM9-2	Rockefeller_NCBP2_18	94
Q8IX12-2;Q8IX12	Rockefeller_NCBP2_18	72
Q8WX92	Rockefeller_NCBP2_18	83
Q96PK6;Q96PK6-2;Q96PK6-3;Q96PK6-4	Rockefeller_NCBP2_18	76
Q99459	Rockefeller_NCBP2_18	61
Q99729-3;Q99729-2;Q99729-4;Q99729	Rockefeller_NCBP2_18	70
Q9BUJ2-2;Q9BUJ2;Q9BUJ2-4;Q9BUJ2-3;Q9BUJ2-5	Rockefeller_NCBP2_18	67
Q9BXP5-4;Q9BXP5-2;Q9BXP5-3;Q9BXP5;Q9BXP5-5	Rockefeller_NCBP2_18	100
Q9H814	Rockefeller_NCBP2_18	98
Q9UMS4	Rockefeller_NCBP2_18	76
Q9Y2W1	Rockefeller_NCBP2_18	96
Q9Y5S9;Q9Y5S9-2	Rockefeller_NCBP2_18	85
O00505	Rockefeller_NCBP2_20	100
O00567	Rockefeller_NCBP2_20	100
O14639-4;O14639-3;O14639-5;O14639-2;O14639-6;O14639	Rockefeller_NCBP2_20	100
O43143	Rockefeller_NCBP2_20	100
O43390;O43390-2;O43390-3;O43390-4	Rockefeller_NCBP2_20	100
O75643;O75643-2	Rockefeller_NCBP2_20	100
O95816;O95816-2	Rockefeller_NCBP2_20	100
P04792	Rockefeller_NCBP2_20	100
P05388-2;P05388;Q8NHW5	Rockefeller_NCBP2_20	100
P06748-3;P06748-2;P06748	Rockefeller_NCBP2_20	100
P07900;P07900-2;Q14568;Q58FG0;Q58FF6;Q58FG1	Rockefeller_NCBP2_20	100
P07910-2;P07910;P07910-4;P07910-3;P0DMR1;O60812;B7ZW38;B2RXH8;Q86SE5;Q86SE5-3	Rockefeller_NCBP2_20	90
P09874	Rockefeller_NCBP2_20	100
P11310;P11310-2	Rockefeller_NCBP2_20	100
P11388;P11388-2;P11388-3;P11388-4	Rockefeller_NCBP2_20	100
P12236	Rockefeller_NCBP2_20	100
P12268	Rockefeller_NCBP2_20	100
P12956;P12956-2	Rockefeller_NCBP2_20	100
P13010	Rockefeller_NCBP2_20	100
P18124	Rockefeller_NCBP2_20	100
P18583-7;P18583;P18583-5;P18583-9;P18583-2;P18583-10;P18583-3;P18583-4;P18583-6;P18583-8	Rockefeller_NCBP2_20	100
P22087	Rockefeller_NCBP2_20	100
P23246;P23246-2	Rockefeller_NCBP2_20	100
P23396;P23396-2	Rockefeller_NCBP2_20	100
P26373;P26373-2	Rockefeller_NCBP2_20	100
P26599;P26599-2;P26599-3	Rockefeller_NCBP2_20	100
P26641;P26641-2	Rockefeller_NCBP2_20	100
P27635;Q96L21	Rockefeller_NCBP2_20	100
P27708	Rockefeller_NCBP2_20	100
P27824-2;P27824;P27824-3	Rockefeller_NCBP2_20	100
P31689-2;P31689	Rockefeller_NCBP2_20	100
P31942-3;P31942-2;P31942;P31942-4;P31942-6;P31942-5	Rockefeller_NCBP2_20	100
P36776;P36776-2;P36776-3	Rockefeller_NCBP2_20	100
P38159;P38159-2;Q96E39;P38159-3;O75526;Q8N7X1	Rockefeller_NCBP2_20	100
P38919	Rockefeller_NCBP2_20	100
P39023;Q92901	Rockefeller_NCBP2_20	100
P41252	Rockefeller_NCBP2_20	100
P42677	Rockefeller_NCBP2_20	100
P43243;P43243-2	Rockefeller_NCBP2_20	100
P45880;P45880-2;P45880-1	Rockefeller_NCBP2_20	100
P46087-2;P46087;P46087-4;P46087-3	Rockefeller_NCBP2_20	100
P46940;Q13576-3;Q13576-2;Q13576	Rockefeller_NCBP2_20	100
P48729-3;P48729;P48729-2;Q8N752	Rockefeller_NCBP2_20	100
P49790;P49790-3;P49790-2	Rockefeller_NCBP2_20	100
P50454	Rockefeller_NCBP2_20	100
P50990;P50990-2;P50990-3	Rockefeller_NCBP2_20	100
P51991;P51991-2	Rockefeller_NCBP2_20	100
P52292	Rockefeller_NCBP2_20	100
P52298;P52298-3	Rockefeller_NCBP2_20	100
P52948-6;P52948-5;P52948;P52948-2;P52948-4;P52948-3	Rockefeller_NCBP2_20	100
P55072	Rockefeller_NCBP2_20	100
P55265;P55265-4;P55265-5;P55265-3;P55265-2	Rockefeller_NCBP2_20	100
P56192;P56192-2	Rockefeller_NCBP2_20	100
P60842;P60842-2	Rockefeller_NCBP2_20	100
P60866;P60866-2	Rockefeller_NCBP2_20	100
P61247	Rockefeller_NCBP2_20	100
P62241	Rockefeller_NCBP2_20	100
P62263	Rockefeller_NCBP2_20	100
P62269	Rockefeller_NCBP2_20	100
P62280	Rockefeller_NCBP2_20	100
P62318-2;P62318	Rockefeller_NCBP2_20	100
P62701;Q8TD47;P22090	Rockefeller_NCBP2_20	100
P62750	Rockefeller_NCBP2_20	100
P62805	Rockefeller_NCBP2_20	74
P62829	Rockefeller_NCBP2_20	100
P62851	Rockefeller_NCBP2_20	100
P63244	Rockefeller_NCBP2_20	100
P83731	Rockefeller_NCBP2_20	100
Q02487-2	Rockefeller_NCBP2_20	100
Q09161	Rockefeller_NCBP2_20	100
Q12788	Rockefeller_NCBP2_20	100
Q12906-7;Q12906;Q12906-4;Q12906-6;Q12906-5;Q12906-2;Q12906-3	Rockefeller_NCBP2_20	100
Q12965;O00160	Rockefeller_NCBP2_20	100
Q13200;Q13200-3;Q13200-2	Rockefeller_NCBP2_20	100
Q13242	Rockefeller_NCBP2_20	100
Q13263;Q13263-2	Rockefeller_NCBP2_20	100
Q13310-3;Q13310-2;Q13310;P0CB38	Rockefeller_NCBP2_20	100
Q13838;Q13838-2	Rockefeller_NCBP2_20	100
Q14151;Q14151-2	Rockefeller_NCBP2_20	100
Q14697-2	Rockefeller_NCBP2_20	100
Q14974;Q14974-2	Rockefeller_NCBP2_20	100
Q15233;Q15233-2	Rockefeller_NCBP2_20	100
Q15365;P57723-2;P57723	Rockefeller_NCBP2_20	100
Q15393;Q15393-3;Q15393-2	Rockefeller_NCBP2_20	100
Q15645;Q15645-2	Rockefeller_NCBP2_20	100
Q16352	Rockefeller_NCBP2_20	100
Q16778;P33778;P23527;P06899;Q8N257	Rockefeller_NCBP2_20	100
Q1KMD3	Rockefeller_NCBP2_20	100
Q6P2Q9	Rockefeller_NCBP2_20	100
Q7L2E3-3;Q7L2E3;Q7L2E3-2	Rockefeller_NCBP2_20	100
Q86U42-2;Q86U42;Q92843-2;A6NDY0-2;A6NDY0;A6NDY0-4	Rockefeller_NCBP2_20	100
Q8N1F7;Q8N1F7-2	Rockefeller_NCBP2_20	100
Q8NBJ5	Rockefeller_NCBP2_20	100
Q8WUM0	Rockefeller_NCBP2_20	100
Q92621	Rockefeller_NCBP2_20	100
Q92900-2;Q92900	Rockefeller_NCBP2_20	100
Q92945	Rockefeller_NCBP2_20	100
Q96GQ7	Rockefeller_NCBP2_20	100
Q96KK5;Q99878;Q9BTM1;P0C0S8;Q93077;P20671;Q9BTM1-2;Q7L7L0;Q6FI13;P04908;Q16777;Q8IUE6;Q96QV6;P16104;REV__Q8NB25-3;REV__Q8NB25-4;REV__Q8NB25-2;REV__Q8NB25	Rockefeller_NCBP2_20	100
Q99623;Q99623-2	Rockefeller_NCBP2_20	100
Q9BQE3	Rockefeller_NCBP2_20	100
Q9BU76-4;Q9BU76;Q9BU76-3;Q9BU76-2	Rockefeller_NCBP2_20	100
Q9BVP2-2;Q9BVP2	Rockefeller_NCBP2_20	100
Q9BWF3;Q9BWF3-4;Q9BWF3-3;Q9BWF3-2;Q9BQ04	Rockefeller_NCBP2_20	100
Q9BXP5-4;Q9BXP5-2;Q9BXP5-3;Q9BXP5;Q9BXP5-5	Rockefeller_NCBP2_20	100
Q9H0A0;Q9H0A0-2	Rockefeller_NCBP2_20	100
Q9H0D6;Q9H0D6-2	Rockefeller_NCBP2_20	100
Q9H6R4-4;Q9H6R4;Q9H6R4-2;Q9H6R4-3	Rockefeller_NCBP2_20	100
Q9H814	Rockefeller_NCBP2_20	100
Q9NR30;Q9NR30-2	Rockefeller_NCBP2_20	100
Q9Y230;Q9Y230-2	Rockefeller_NCBP2_20	100
Q9Y265;Q9Y265-2	Rockefeller_NCBP2_20	100
Q9Y2W1	Rockefeller_NCBP2_20	100
Q9Y2X3	Rockefeller_NCBP2_20	100
Q9Y5B9	Rockefeller_NCBP2_20	100
O00505	Rockefeller_NCBP2_7	100
O75533;O75533-2	Rockefeller_NCBP2_7	98
P04406;P04406-2;O14556	Rockefeller_NCBP2_7	100
P04637-4;P04637;P04637-5;P04637-6;P04637-2;P04637-3;P04637-7;P04637-8;P04637-9	Rockefeller_NCBP2_7	100
P07910-2;P07910;P07910-4;P07910-3;P0DMR1;O60812;B7ZW38;B2RXH8;Q86SE5;Q86SE5-3	Rockefeller_NCBP2_7	100
P11940;P11940-2;Q9H361;Q4VXU2;Q4VXU2-2;Q96DU9-2;Q96DU9	Rockefeller_NCBP2_7	100
P38159;P38159-2;Q96E39;P38159-3;O75526;Q8N7X1	Rockefeller_NCBP2_7	99
P38919	Rockefeller_NCBP2_7	95
P42285	Rockefeller_NCBP2_7	100
P43243;P43243-2	Rockefeller_NCBP2_7	100
P52298;P52298-3	Rockefeller_NCBP2_7	100
P61978-3;P61978;P61978-2	Rockefeller_NCBP2_7	99
Q08188	Rockefeller_NCBP2_7	99
Q09161	Rockefeller_NCBP2_7	100
Q14126	Rockefeller_NCBP2_7	96
Q14974;Q14974-2	Rockefeller_NCBP2_7	100
Q15029-2;Q15029;Q15029-3	Rockefeller_NCBP2_7	99
Q6P2Q9	Rockefeller_NCBP2_7	94
Q96P63;Q96P63-2	Rockefeller_NCBP2_7	99
Q9BXP5-4;Q9BXP5-2;Q9BXP5-3;Q9BXP5;Q9BXP5-5	Rockefeller_NCBP2_7	100
Q9H814	Rockefeller_NCBP2_7	100
